"0","general <- read_csv('general/general.txt',trim_ws=TRUE,"
"0","                    col_types = cols(.default='c',"
"0","                                     DOLLARTHRESHOLD = col_integer(),"
"0","                                     TOTFEDEXPEND=col_double()))"
"1",""
"1","|"
"1","                                                                                  "
"1","|"
"1","   0%    6 MB"
"1",""
"1","|"
"1","                                                                                  "
"1","|"
"1","   0%    6 MB"
"1",""
"1","|"
"1","                                                                                  "
"1","|"
"1","   0%    6 MB"
"1",""
"1","|"
"1","                                                                                  "
"1","|"
"1","   0%    7 MB"
"1",""
"1","|"
"1","                                                                                  "
"1","|"
"1","   0%    7 MB"
"1",""
"1","|"
"1","                                                                                  "
"1","|"
"1","   0%    7 MB"
"1",""
"1","|"
"1","                                                                                  "
"1","|"
"1","   0%    7 MB"
"1",""
"1","|"
"1","                                                                                  "
"1","|"
"1","   0%    8 MB"
"1",""
"1","|"
"1","                                                                                  "
"1","|"
"1","   0%    8 MB"
"1",""
"1","|"
"1","                                                                                  "
"1","|"
"1","   0%    8 MB"
"1",""
"1","|"
"1","                                                                                  "
"1","|"
"1","   0%    8 MB"
"1",""
"1","|"
"1","                                                                                  "
"1","|"
"1","   0%    8 MB"
"1",""
"1","|"
"1","                                                                                  "
"1","|"
"1","   0%    9 MB"
"1",""
"1","|"
"1","                                                                                  "
"1","|"
"1","   0%    9 MB"
"1",""
"1","|"
"1","                                                                                  "
"1","|"
"1","   0%    9 MB"
"1",""
"1","|"
"1","                                                                                  "
"1","|"
"1","   0%    9 MB"
"1",""
"1","|"
"1","                                                                                  "
"1","|"
"1","   0%    9 MB"
"1",""
"1","|"
"1","                                                                                  "
"1","|"
"1","   0%   10 MB"
"1",""
"1","|"
"1","                                                                                  "
"1","|"
"1","   0%   10 MB"
"1",""
"1","|"
"1","                                                                                  "
"1","|"
"1","   0%   10 MB"
"1",""
"1","|"
"1","                                                                                  "
"1","|"
"1","   0%   10 MB"
"1",""
"1","|"
"1","                                                                                  "
"1","|"
"1","   0%   11 MB"
"1",""
"1","|"
"1","                                                                                  "
"1","|"
"1","   0%   11 MB"
"1",""
"1","|"
"1","                                                                                  "
"1","|"
"1","   1%   11 MB"
"1",""
"1","|"
"1","                                                                                  "
"1","|"
"1","   1%   11 MB"
"1",""
"1","|"
"1","                                                                                  "
"1","|"
"1","   1%   11 MB"
"1",""
"1","|"
"1","                                                                                  "
"1","|"
"1","   1%   12 MB"
"1",""
"1","|"
"1","                                                                                  "
"1","|"
"1","   1%   12 MB"
"1",""
"1","|"
"1","                                                                                  "
"1","|"
"1","   1%   12 MB"
"1",""
"1","|"
"1","                                                                                  "
"1","|"
"1","   1%   12 MB"
"1",""
"1","|"
"1","                                                                                  "
"1","|"
"1","   1%   12 MB"
"1",""
"1","|"
"1","                                                                                  "
"1","|"
"1","   1%   13 MB"
"1",""
"1","|"
"1","                                                                                  "
"1","|"
"1","   1%   13 MB"
"1",""
"1","|"
"1","                                                                                  "
"1","|"
"1","   1%   13 MB"
"1",""
"1","|"
"1","="
"1","                                                                                 "
"1","|"
"1","   1%   13 MB"
"1",""
"1","|"
"1","="
"1","                                                                                 "
"1","|"
"1","   1%   13 MB"
"1",""
"1","|"
"1","="
"1","                                                                                 "
"1","|"
"1","   1%   14 MB"
"1",""
"1","|"
"1","="
"1","                                                                                 "
"1","|"
"1","   1%   14 MB"
"1",""
"1","|"
"1","="
"1","                                                                                 "
"1","|"
"1","   1%   14 MB"
"1",""
"1","|"
"1","="
"1","                                                                                 "
"1","|"
"1","   1%   14 MB"
"1",""
"1","|"
"1","="
"1","                                                                                 "
"1","|"
"1","   1%   15 MB"
"1",""
"1","|"
"1","="
"1","                                                                                 "
"1","|"
"1","   1%   15 MB"
"1",""
"1","|"
"1","="
"1","                                                                                 "
"1","|"
"1","   1%   15 MB"
"1",""
"1","|"
"1","="
"1","                                                                                 "
"1","|"
"1","   1%   15 MB"
"1",""
"1","|"
"1","="
"1","                                                                                 "
"1","|"
"1","   1%   15 MB"
"1",""
"1","|"
"1","="
"1","                                                                                 "
"1","|"
"1","   1%   16 MB"
"1",""
"1","|"
"1","="
"1","                                                                                 "
"1","|"
"1","   1%   16 MB"
"1",""
"1","|"
"1","="
"1","                                                                                 "
"1","|"
"1","   1%   16 MB"
"1",""
"1","|"
"1","="
"1","                                                                                 "
"1","|"
"1","   1%   16 MB"
"1",""
"1","|"
"1","="
"1","                                                                                 "
"1","|"
"1","   1%   16 MB"
"1",""
"1","|"
"1","="
"1","                                                                                 "
"1","|"
"1","   1%   17 MB"
"1",""
"1","|"
"1","="
"1","                                                                                 "
"1","|"
"1","   1%   17 MB"
"1",""
"1","|"
"1","="
"1","                                                                                 "
"1","|"
"1","   1%   17 MB"
"1",""
"1","|"
"1","="
"1","                                                                                 "
"1","|"
"1","   1%   17 MB"
"1",""
"1","|"
"1","="
"1","                                                                                 "
"1","|"
"1","   1%   18 MB"
"1",""
"1","|"
"1","="
"1","                                                                                 "
"1","|"
"1","   1%   18 MB"
"1",""
"1","|"
"1","="
"1","                                                                                 "
"1","|"
"1","   1%   18 MB"
"1",""
"1","|"
"1","="
"1","                                                                                 "
"1","|"
"1","   1%   18 MB"
"1",""
"1","|"
"1","="
"1","                                                                                 "
"1","|"
"1","   1%   18 MB"
"1",""
"1","|"
"1","="
"1","                                                                                 "
"1","|"
"1","   1%   19 MB"
"1",""
"1","|"
"1","="
"1","                                                                                 "
"1","|"
"1","   1%   19 MB"
"1",""
"1","|"
"1","="
"1","                                                                                 "
"1","|"
"1","   1%   19 MB"
"1",""
"1","|"
"1","="
"1","                                                                                 "
"1","|"
"1","   1%   19 MB"
"1",""
"1","|"
"1","="
"1","                                                                                 "
"1","|"
"1","   1%   19 MB"
"1",""
"1","|"
"1","="
"1","                                                                                 "
"1","|"
"1","   1%   20 MB"
"1",""
"1","|"
"1","="
"1","                                                                                 "
"1","|"
"1","   1%   20 MB"
"1",""
"1","|"
"1","="
"1","                                                                                 "
"1","|"
"1","   1%   20 MB"
"1",""
"1","|"
"1","="
"1","                                                                                 "
"1","|"
"1","   1%   20 MB"
"1",""
"1","|"
"1","="
"1","                                                                                 "
"1","|"
"1","   1%   20 MB"
"1",""
"1","|"
"1","="
"1","                                                                                 "
"1","|"
"1","   1%   21 MB"
"1",""
"1","|"
"1","="
"1","                                                                                 "
"1","|"
"1","   1%   21 MB"
"1",""
"1","|"
"1","="
"1","                                                                                 "
"1","|"
"1","   1%   21 MB"
"1",""
"1","|"
"1","="
"1","                                                                                 "
"1","|"
"1","   1%   21 MB"
"1",""
"1","|"
"1","="
"1","                                                                                 "
"1","|"
"1","   1%   22 MB"
"1",""
"1","|"
"1","="
"1","                                                                                 "
"1","|"
"1","   1%   22 MB"
"1",""
"1","|"
"1","="
"1","                                                                                 "
"1","|"
"1","   1%   22 MB"
"1",""
"1","|"
"1","="
"1","                                                                                 "
"1","|"
"1","   1%   22 MB"
"1",""
"1","|"
"1","="
"1","                                                                                 "
"1","|"
"1","   2%   22 MB"
"1",""
"1","|"
"1","="
"1","                                                                                 "
"1","|"
"1","   2%   23 MB"
"1",""
"1","|"
"1","="
"1","                                                                                 "
"1","|"
"1","   2%   23 MB"
"1",""
"1","|"
"1","="
"1","                                                                                 "
"1","|"
"1","   2%   23 MB"
"1",""
"1","|"
"1","="
"1","                                                                                 "
"1","|"
"1","   2%   23 MB"
"1",""
"1","|"
"1","="
"1","                                                                                 "
"1","|"
"1","   2%   23 MB"
"1",""
"1","|"
"1","="
"1","                                                                                 "
"1","|"
"1","   2%   24 MB"
"1",""
"1","|"
"1","="
"1","                                                                                 "
"1","|"
"1","   2%   24 MB"
"1",""
"1","|"
"1","="
"1","                                                                                 "
"1","|"
"1","   2%   24 MB"
"1",""
"1","|"
"1","="
"1","                                                                                 "
"1","|"
"1","   2%   24 MB"
"1",""
"1","|"
"1","="
"1","                                                                                 "
"1","|"
"1","   2%   25 MB"
"1",""
"1","|"
"1","="
"1","                                                                                 "
"1","|"
"1","   2%   25 MB"
"1",""
"1","|"
"1","="
"1","                                                                                 "
"1","|"
"1","   2%   25 MB"
"1",""
"1","|"
"1","="
"1","                                                                                 "
"1","|"
"1","   2%   25 MB"
"1",""
"1","|"
"1","="
"1","                                                                                 "
"1","|"
"1","   2%   25 MB"
"1",""
"1","|"
"1","="
"1","                                                                                 "
"1","|"
"1","   2%   26 MB"
"1",""
"1","|"
"1","="
"1","                                                                                 "
"1","|"
"1","   2%   26 MB"
"1",""
"1","|"
"1","="
"1","                                                                                 "
"1","|"
"1","   2%   26 MB"
"1",""
"1","|"
"1","="
"1","                                                                                 "
"1","|"
"1","   2%   26 MB"
"1",""
"1","|"
"1","="
"1","                                                                                 "
"1","|"
"1","   2%   26 MB"
"1",""
"1","|"
"1","="
"1","                                                                                 "
"1","|"
"1","   2%   27 MB"
"1",""
"1","|"
"1","="
"1","                                                                                 "
"1","|"
"1","   2%   27 MB"
"1",""
"1","|"
"1","=="
"1","                                                                                "
"1","|"
"1","   2%   27 MB"
"1",""
"1","|"
"1","=="
"1","                                                                                "
"1","|"
"1","   2%   27 MB"
"1",""
"1","|"
"1","=="
"1","                                                                                "
"1","|"
"1","   2%   27 MB"
"1",""
"1","|"
"1","=="
"1","                                                                                "
"1","|"
"1","   2%   28 MB"
"1",""
"1","|"
"1","=="
"1","                                                                                "
"1","|"
"1","   2%   28 MB"
"1",""
"1","|"
"1","=="
"1","                                                                                "
"1","|"
"1","   2%   28 MB"
"1",""
"1","|"
"1","=="
"1","                                                                                "
"1","|"
"1","   2%   28 MB"
"1",""
"1","|"
"1","=="
"1","                                                                                "
"1","|"
"1","   2%   29 MB"
"1",""
"1","|"
"1","=="
"1","                                                                                "
"1","|"
"1","   2%   29 MB"
"1",""
"1","|"
"1","=="
"1","                                                                                "
"1","|"
"1","   2%   29 MB"
"1",""
"1","|"
"1","=="
"1","                                                                                "
"1","|"
"1","   2%   29 MB"
"1",""
"1","|"
"1","=="
"1","                                                                                "
"1","|"
"1","   2%   29 MB"
"1",""
"1","|"
"1","=="
"1","                                                                                "
"1","|"
"1","   2%   30 MB"
"1",""
"1","|"
"1","=="
"1","                                                                                "
"1","|"
"1","   2%   30 MB"
"1",""
"1","|"
"1","=="
"1","                                                                                "
"1","|"
"1","   2%   30 MB"
"1",""
"1","|"
"1","=="
"1","                                                                                "
"1","|"
"1","   2%   30 MB"
"1",""
"1","|"
"1","=="
"1","                                                                                "
"1","|"
"1","   2%   30 MB"
"1",""
"1","|"
"1","=="
"1","                                                                                "
"1","|"
"1","   2%   31 MB"
"1",""
"1","|"
"1","=="
"1","                                                                                "
"1","|"
"1","   2%   31 MB"
"1",""
"1","|"
"1","=="
"1","                                                                                "
"1","|"
"1","   2%   31 MB"
"1",""
"1","|"
"1","=="
"1","                                                                                "
"1","|"
"1","   2%   31 MB"
"1",""
"1","|"
"1","=="
"1","                                                                                "
"1","|"
"1","   2%   31 MB"
"1",""
"1","|"
"1","=="
"1","                                                                                "
"1","|"
"1","   2%   32 MB"
"1",""
"1","|"
"1","=="
"1","                                                                                "
"1","|"
"1","   2%   32 MB"
"1",""
"1","|"
"1","=="
"1","                                                                                "
"1","|"
"1","   2%   32 MB"
"1",""
"1","|"
"1","=="
"1","                                                                                "
"1","|"
"1","   2%   32 MB"
"1",""
"1","|"
"1","=="
"1","                                                                                "
"1","|"
"1","   2%   33 MB"
"1",""
"1","|"
"1","=="
"1","                                                                                "
"1","|"
"1","   2%   33 MB"
"1",""
"1","|"
"1","=="
"1","                                                                                "
"1","|"
"1","   2%   33 MB"
"1",""
"1","|"
"1","=="
"1","                                                                                "
"1","|"
"1","   2%   33 MB"
"1",""
"1","|"
"1","=="
"1","                                                                                "
"1","|"
"1","   2%   33 MB"
"1",""
"1","|"
"1","=="
"1","                                                                                "
"1","|"
"1","   2%   34 MB"
"1",""
"1","|"
"1","=="
"1","                                                                                "
"1","|"
"1","   3%   34 MB"
"1",""
"1","|"
"1","=="
"1","                                                                                "
"1","|"
"1","   3%   34 MB"
"1",""
"1","|"
"1","=="
"1","                                                                                "
"1","|"
"1","   3%   34 MB"
"1",""
"1","|"
"1","=="
"1","                                                                                "
"1","|"
"1","   3%   34 MB"
"1",""
"1","|"
"1","=="
"1","                                                                                "
"1","|"
"1","   3%   35 MB"
"1",""
"1","|"
"1","=="
"1","                                                                                "
"1","|"
"1","   3%   35 MB"
"1",""
"1","|"
"1","=="
"1","                                                                                "
"1","|"
"1","   3%   35 MB"
"1",""
"1","|"
"1","=="
"1","                                                                                "
"1","|"
"1","   3%   35 MB"
"1",""
"1","|"
"1","=="
"1","                                                                                "
"1","|"
"1","   3%   36 MB"
"1",""
"1","|"
"1","=="
"1","                                                                                "
"1","|"
"1","   3%   36 MB"
"1",""
"1","|"
"1","=="
"1","                                                                                "
"1","|"
"1","   3%   36 MB"
"1",""
"1","|"
"1","=="
"1","                                                                                "
"1","|"
"1","   3%   36 MB"
"1",""
"1","|"
"1","=="
"1","                                                                                "
"1","|"
"1","   3%   36 MB"
"1",""
"1","|"
"1","=="
"1","                                                                                "
"1","|"
"1","   3%   37 MB"
"1",""
"1","|"
"1","=="
"1","                                                                                "
"1","|"
"1","   3%   37 MB"
"1",""
"1","|"
"1","=="
"1","                                                                                "
"1","|"
"1","   3%   37 MB"
"1",""
"1","|"
"1","=="
"1","                                                                                "
"1","|"
"1","   3%   37 MB"
"1",""
"1","|"
"1","=="
"1","                                                                                "
"1","|"
"1","   3%   37 MB"
"1",""
"1","|"
"1","=="
"1","                                                                                "
"1","|"
"1","   3%   38 MB"
"1",""
"1","|"
"1","=="
"1","                                                                                "
"1","|"
"1","   3%   38 MB"
"1",""
"1","|"
"1","=="
"1","                                                                                "
"1","|"
"1","   3%   38 MB"
"1",""
"1","|"
"1","=="
"1","                                                                                "
"1","|"
"1","   3%   38 MB"
"1",""
"1","|"
"1","=="
"1","                                                                                "
"1","|"
"1","   3%   38 MB"
"1",""
"1","|"
"1","=="
"1","                                                                                "
"1","|"
"1","   3%   39 MB"
"1",""
"1","|"
"1","=="
"1","                                                                                "
"1","|"
"1","   3%   39 MB"
"1",""
"1","|"
"1","=="
"1","                                                                                "
"1","|"
"1","   3%   39 MB"
"1",""
"1","|"
"1","=="
"1","                                                                                "
"1","|"
"1","   3%   39 MB"
"1",""
"1","|"
"1","=="
"1","                                                                                "
"1","|"
"1","   3%   40 MB"
"1",""
"1","|"
"1","=="
"1","                                                                                "
"1","|"
"1","   3%   40 MB"
"1",""
"1","|"
"1","=="
"1","                                                                                "
"1","|"
"1","   3%   40 MB"
"1",""
"1","|"
"1","=="
"1","                                                                                "
"1","|"
"1","   3%   40 MB"
"1",""
"1","|"
"1","=="
"1","                                                                                "
"1","|"
"1","   3%   40 MB"
"1",""
"1","|"
"1","=="
"1","                                                                                "
"1","|"
"1","   3%   41 MB"
"1",""
"1","|"
"1","==="
"1","                                                                               "
"1","|"
"1","   3%   41 MB"
"1",""
"1","|"
"1","==="
"1","                                                                               "
"1","|"
"1","   3%   41 MB"
"1",""
"1","|"
"1","==="
"1","                                                                               "
"1","|"
"1","   3%   41 MB"
"1",""
"1","|"
"1","==="
"1","                                                                               "
"1","|"
"1","   3%   41 MB"
"1",""
"1","|"
"1","==="
"1","                                                                               "
"1","|"
"1","   3%   42 MB"
"1",""
"1","|"
"1","==="
"1","                                                                               "
"1","|"
"1","   3%   42 MB"
"1",""
"1","|"
"1","==="
"1","                                                                               "
"1","|"
"1","   3%   42 MB"
"1",""
"1","|"
"1","==="
"1","                                                                               "
"1","|"
"1","   3%   42 MB"
"1",""
"1","|"
"1","==="
"1","                                                                               "
"1","|"
"1","   3%   43 MB"
"1",""
"1","|"
"1","==="
"1","                                                                               "
"1","|"
"1","   3%   43 MB"
"1",""
"1","|"
"1","==="
"1","                                                                               "
"1","|"
"1","   3%   43 MB"
"1",""
"1","|"
"1","==="
"1","                                                                               "
"1","|"
"1","   3%   43 MB"
"1",""
"1","|"
"1","==="
"1","                                                                               "
"1","|"
"1","   3%   43 MB"
"1",""
"1","|"
"1","==="
"1","                                                                               "
"1","|"
"1","   3%   44 MB"
"1",""
"1","|"
"1","==="
"1","                                                                               "
"1","|"
"1","   3%   44 MB"
"1",""
"1","|"
"1","==="
"1","                                                                               "
"1","|"
"1","   3%   44 MB"
"1",""
"1","|"
"1","==="
"1","                                                                               "
"1","|"
"1","   3%   44 MB"
"1",""
"1","|"
"1","==="
"1","                                                                               "
"1","|"
"1","   3%   44 MB"
"1",""
"1","|"
"1","==="
"1","                                                                               "
"1","|"
"1","   3%   45 MB"
"1",""
"1","|"
"1","==="
"1","                                                                               "
"1","|"
"1","   3%   45 MB"
"1",""
"1","|"
"1","==="
"1","                                                                               "
"1","|"
"1","   4%   45 MB"
"1",""
"1","|"
"1","==="
"1","                                                                               "
"1","|"
"1","   4%   45 MB"
"1",""
"1","|"
"1","==="
"1","                                                                               "
"1","|"
"1","   4%   45 MB"
"1",""
"1","|"
"1","==="
"1","                                                                               "
"1","|"
"1","   4%   46 MB"
"1",""
"1","|"
"1","==="
"1","                                                                               "
"1","|"
"1","   4%   46 MB"
"1",""
"1","|"
"1","==="
"1","                                                                               "
"1","|"
"1","   4%   46 MB"
"1",""
"1","|"
"1","==="
"1","                                                                               "
"1","|"
"1","   4%   46 MB"
"1",""
"1","|"
"1","==="
"1","                                                                               "
"1","|"
"1","   4%   47 MB"
"1",""
"1","|"
"1","==="
"1","                                                                               "
"1","|"
"1","   4%   47 MB"
"1",""
"1","|"
"1","==="
"1","                                                                               "
"1","|"
"1","   4%   47 MB"
"1",""
"1","|"
"1","==="
"1","                                                                               "
"1","|"
"1","   4%   47 MB"
"1",""
"1","|"
"1","==="
"1","                                                                               "
"1","|"
"1","   4%   47 MB"
"1",""
"1","|"
"1","==="
"1","                                                                               "
"1","|"
"1","   4%   48 MB"
"1",""
"1","|"
"1","==="
"1","                                                                               "
"1","|"
"1","   4%   48 MB"
"1",""
"1","|"
"1","==="
"1","                                                                               "
"1","|"
"1","   4%   48 MB"
"1",""
"1","|"
"1","==="
"1","                                                                               "
"1","|"
"1","   4%   48 MB"
"1",""
"1","|"
"1","==="
"1","                                                                               "
"1","|"
"1","   4%   48 MB"
"1",""
"1","|"
"1","==="
"1","                                                                               "
"1","|"
"1","   4%   49 MB"
"1",""
"1","|"
"1","==="
"1","                                                                               "
"1","|"
"1","   4%   49 MB"
"1",""
"1","|"
"1","==="
"1","                                                                               "
"1","|"
"1","   4%   49 MB"
"1",""
"1","|"
"1","==="
"1","                                                                               "
"1","|"
"1","   4%   49 MB"
"1",""
"1","|"
"1","==="
"1","                                                                               "
"1","|"
"1","   4%   50 MB"
"1",""
"1","|"
"1","==="
"1","                                                                               "
"1","|"
"1","   4%   50 MB"
"1",""
"1","|"
"1","==="
"1","                                                                               "
"1","|"
"1","   4%   50 MB"
"1",""
"1","|"
"1","==="
"1","                                                                               "
"1","|"
"1","   4%   50 MB"
"1",""
"1","|"
"1","==="
"1","                                                                               "
"1","|"
"1","   4%   50 MB"
"1",""
"1","|"
"1","==="
"1","                                                                               "
"1","|"
"1","   4%   51 MB"
"1",""
"1","|"
"1","==="
"1","                                                                               "
"1","|"
"1","   4%   51 MB"
"1",""
"1","|"
"1","==="
"1","                                                                               "
"1","|"
"1","   4%   51 MB"
"1",""
"1","|"
"1","==="
"1","                                                                               "
"1","|"
"1","   4%   51 MB"
"1",""
"1","|"
"1","==="
"1","                                                                               "
"1","|"
"1","   4%   51 MB"
"1",""
"1","|"
"1","==="
"1","                                                                               "
"1","|"
"1","   4%   52 MB"
"1",""
"1","|"
"1","==="
"1","                                                                               "
"1","|"
"1","   4%   52 MB"
"1",""
"1","|"
"1","==="
"1","                                                                               "
"1","|"
"1","   4%   52 MB"
"1",""
"1","|"
"1","==="
"1","                                                                               "
"1","|"
"1","   4%   52 MB"
"1",""
"1","|"
"1","==="
"1","                                                                               "
"1","|"
"1","   4%   52 MB"
"1",""
"1","|"
"1","==="
"1","                                                                               "
"1","|"
"1","   4%   53 MB"
"1",""
"1","|"
"1","==="
"1","                                                                               "
"1","|"
"1","   4%   53 MB"
"1",""
"1","|"
"1","==="
"1","                                                                               "
"1","|"
"1","   4%   53 MB"
"1",""
"1","|"
"1","==="
"1","                                                                               "
"1","|"
"1","   4%   53 MB"
"1",""
"1","|"
"1","==="
"1","                                                                               "
"1","|"
"1","   4%   54 MB"
"1",""
"1","|"
"1","==="
"1","                                                                               "
"1","|"
"1","   4%   54 MB"
"1",""
"1","|"
"1","==="
"1","                                                                               "
"1","|"
"1","   4%   54 MB"
"1",""
"1","|"
"1","==="
"1","                                                                               "
"1","|"
"1","   4%   54 MB"
"1",""
"1","|"
"1","===="
"1","                                                                              "
"1","|"
"1","   4%   54 MB"
"1",""
"1","|"
"1","===="
"1","                                                                              "
"1","|"
"1","   4%   55 MB"
"1",""
"1","|"
"1","===="
"1","                                                                              "
"1","|"
"1","   4%   55 MB"
"1",""
"1","|"
"1","===="
"1","                                                                              "
"1","|"
"1","   4%   55 MB"
"1",""
"1","|"
"1","===="
"1","                                                                              "
"1","|"
"1","   4%   55 MB"
"1",""
"1","|"
"1","===="
"1","                                                                              "
"1","|"
"1","   4%   55 MB"
"1",""
"1","|"
"1","===="
"1","                                                                              "
"1","|"
"1","   4%   56 MB"
"1",""
"1","|"
"1","===="
"1","                                                                              "
"1","|"
"1","   4%   56 MB"
"1",""
"1","|"
"1","===="
"1","                                                                              "
"1","|"
"1","   4%   56 MB"
"1",""
"1","|"
"1","===="
"1","                                                                              "
"1","|"
"1","   4%   56 MB"
"1",""
"1","|"
"1","===="
"1","                                                                              "
"1","|"
"1","   5%   56 MB"
"1",""
"1","|"
"1","===="
"1","                                                                              "
"1","|"
"1","   5%   57 MB"
"1",""
"1","|"
"1","===="
"1","                                                                              "
"1","|"
"1","   5%   57 MB"
"1",""
"1","|"
"1","===="
"1","                                                                              "
"1","|"
"1","   5%   57 MB"
"1",""
"1","|"
"1","===="
"1","                                                                              "
"1","|"
"1","   5%   57 MB"
"1",""
"1","|"
"1","===="
"1","                                                                              "
"1","|"
"1","   5%   58 MB"
"1",""
"1","|"
"1","===="
"1","                                                                              "
"1","|"
"1","   5%   58 MB"
"1",""
"1","|"
"1","===="
"1","                                                                              "
"1","|"
"1","   5%   58 MB"
"1",""
"1","|"
"1","===="
"1","                                                                              "
"1","|"
"1","   5%   58 MB"
"1",""
"1","|"
"1","===="
"1","                                                                              "
"1","|"
"1","   5%   58 MB"
"1",""
"1","|"
"1","===="
"1","                                                                              "
"1","|"
"1","   5%   59 MB"
"1",""
"1","|"
"1","===="
"1","                                                                              "
"1","|"
"1","   5%   59 MB"
"1",""
"1","|"
"1","===="
"1","                                                                              "
"1","|"
"1","   5%   59 MB"
"1",""
"1","|"
"1","===="
"1","                                                                              "
"1","|"
"1","   5%   59 MB"
"1",""
"1","|"
"1","===="
"1","                                                                              "
"1","|"
"1","   5%   59 MB"
"1",""
"1","|"
"1","===="
"1","                                                                              "
"1","|"
"1","   5%   60 MB"
"1",""
"1","|"
"1","===="
"1","                                                                              "
"1","|"
"1","   5%   60 MB"
"1",""
"1","|"
"1","===="
"1","                                                                              "
"1","|"
"1","   5%   60 MB"
"1",""
"1","|"
"1","===="
"1","                                                                              "
"1","|"
"1","   5%   60 MB"
"1",""
"1","|"
"1","===="
"1","                                                                              "
"1","|"
"1","   5%   61 MB"
"1",""
"1","|"
"1","===="
"1","                                                                              "
"1","|"
"1","   5%   61 MB"
"1",""
"1","|"
"1","===="
"1","                                                                              "
"1","|"
"1","   5%   61 MB"
"1",""
"1","|"
"1","===="
"1","                                                                              "
"1","|"
"1","   5%   61 MB"
"1",""
"1","|"
"1","===="
"1","                                                                              "
"1","|"
"1","   5%   61 MB"
"1",""
"1","|"
"1","===="
"1","                                                                              "
"1","|"
"1","   5%   62 MB"
"1",""
"1","|"
"1","===="
"1","                                                                              "
"1","|"
"1","   5%   62 MB"
"1",""
"1","|"
"1","===="
"1","                                                                              "
"1","|"
"1","   5%   62 MB"
"1",""
"1","|"
"1","===="
"1","                                                                              "
"1","|"
"1","   5%   62 MB"
"1",""
"1","|"
"1","===="
"1","                                                                              "
"1","|"
"1","   5%   62 MB"
"1",""
"1","|"
"1","===="
"1","                                                                              "
"1","|"
"1","   5%   63 MB"
"1",""
"1","|"
"1","===="
"1","                                                                              "
"1","|"
"1","   5%   63 MB"
"1",""
"1","|"
"1","===="
"1","                                                                              "
"1","|"
"1","   5%   63 MB"
"1",""
"1","|"
"1","===="
"1","                                                                              "
"1","|"
"1","   5%   63 MB"
"1",""
"1","|"
"1","===="
"1","                                                                              "
"1","|"
"1","   5%   63 MB"
"1",""
"1","|"
"1","===="
"1","                                                                              "
"1","|"
"1","   5%   64 MB"
"1",""
"1","|"
"1","===="
"1","                                                                              "
"1","|"
"1","   5%   64 MB"
"1",""
"1","|"
"1","===="
"1","                                                                              "
"1","|"
"1","   5%   64 MB"
"1",""
"1","|"
"1","===="
"1","                                                                              "
"1","|"
"1","   5%   64 MB"
"1",""
"1","|"
"1","===="
"1","                                                                              "
"1","|"
"1","   5%   65 MB"
"1",""
"1","|"
"1","===="
"1","                                                                              "
"1","|"
"1","   5%   65 MB"
"1",""
"1","|"
"1","===="
"1","                                                                              "
"1","|"
"1","   5%   65 MB"
"1",""
"1","|"
"1","===="
"1","                                                                              "
"1","|"
"1","   5%   65 MB"
"1",""
"1","|"
"1","===="
"1","                                                                              "
"1","|"
"1","   5%   65 MB"
"1",""
"1","|"
"1","===="
"1","                                                                              "
"1","|"
"1","   5%   66 MB"
"1",""
"1","|"
"1","===="
"1","                                                                              "
"1","|"
"1","   5%   66 MB"
"1",""
"1","|"
"1","===="
"1","                                                                              "
"1","|"
"1","   5%   66 MB"
"1",""
"1","|"
"1","===="
"1","                                                                              "
"1","|"
"1","   5%   66 MB"
"1",""
"1","|"
"1","===="
"1","                                                                              "
"1","|"
"1","   5%   66 MB"
"1",""
"1","|"
"1","===="
"1","                                                                              "
"1","|"
"1","   5%   67 MB"
"1",""
"1","|"
"1","===="
"1","                                                                              "
"1","|"
"1","   5%   67 MB"
"1",""
"1","|"
"1","===="
"1","                                                                              "
"1","|"
"1","   5%   67 MB"
"1",""
"1","|"
"1","===="
"1","                                                                              "
"1","|"
"1","   5%   67 MB"
"1",""
"1","|"
"1","===="
"1","                                                                              "
"1","|"
"1","   5%   68 MB"
"1",""
"1","|"
"1","===="
"1","                                                                              "
"1","|"
"1","   5%   68 MB"
"1",""
"1","|"
"1","===="
"1","                                                                              "
"1","|"
"1","   6%   68 MB"
"1",""
"1","|"
"1","====="
"1","                                                                             "
"1","|"
"1","   6%   68 MB"
"1",""
"1","|"
"1","====="
"1","                                                                             "
"1","|"
"1","   6%   68 MB"
"1",""
"1","|"
"1","====="
"1","                                                                             "
"1","|"
"1","   6%   69 MB"
"1",""
"1","|"
"1","====="
"1","                                                                             "
"1","|"
"1","   6%   69 MB"
"1",""
"1","|"
"1","====="
"1","                                                                             "
"1","|"
"1","   6%   69 MB"
"1",""
"1","|"
"1","====="
"1","                                                                             "
"1","|"
"1","   6%   69 MB"
"1",""
"1","|"
"1","====="
"1","                                                                             "
"1","|"
"1","   6%   69 MB"
"1",""
"1","|"
"1","====="
"1","                                                                             "
"1","|"
"1","   6%   70 MB"
"1",""
"1","|"
"1","====="
"1","                                                                             "
"1","|"
"1","   6%   70 MB"
"1",""
"1","|"
"1","====="
"1","                                                                             "
"1","|"
"1","   6%   70 MB"
"1",""
"1","|"
"1","====="
"1","                                                                             "
"1","|"
"1","   6%   70 MB"
"1",""
"1","|"
"1","====="
"1","                                                                             "
"1","|"
"1","   6%   70 MB"
"1",""
"1","|"
"1","====="
"1","                                                                             "
"1","|"
"1","   6%   71 MB"
"1",""
"1","|"
"1","====="
"1","                                                                             "
"1","|"
"1","   6%   71 MB"
"1",""
"1","|"
"1","====="
"1","                                                                             "
"1","|"
"1","   6%   71 MB"
"1",""
"1","|"
"1","====="
"1","                                                                             "
"1","|"
"1","   6%   71 MB"
"1",""
"1","|"
"1","====="
"1","                                                                             "
"1","|"
"1","   6%   72 MB"
"1",""
"1","|"
"1","====="
"1","                                                                             "
"1","|"
"1","   6%   72 MB"
"1",""
"1","|"
"1","====="
"1","                                                                             "
"1","|"
"1","   6%   72 MB"
"1",""
"1","|"
"1","====="
"1","                                                                             "
"1","|"
"1","   6%   72 MB"
"1",""
"1","|"
"1","====="
"1","                                                                             "
"1","|"
"1","   6%   72 MB"
"1",""
"1","|"
"1","====="
"1","                                                                             "
"1","|"
"1","   6%   73 MB"
"1",""
"1","|"
"1","====="
"1","                                                                             "
"1","|"
"1","   6%   73 MB"
"1",""
"1","|"
"1","====="
"1","                                                                             "
"1","|"
"1","   6%   73 MB"
"1",""
"1","|"
"1","====="
"1","                                                                             "
"1","|"
"1","   6%   73 MB"
"1",""
"1","|"
"1","====="
"1","                                                                             "
"1","|"
"1","   6%   73 MB"
"1",""
"1","|"
"1","====="
"1","                                                                             "
"1","|"
"1","   6%   74 MB"
"1",""
"1","|"
"1","====="
"1","                                                                             "
"1","|"
"1","   6%   74 MB"
"1",""
"1","|"
"1","====="
"1","                                                                             "
"1","|"
"1","   6%   74 MB"
"1",""
"1","|"
"1","====="
"1","                                                                             "
"1","|"
"1","   6%   74 MB"
"1",""
"1","|"
"1","====="
"1","                                                                             "
"1","|"
"1","   6%   75 MB"
"1",""
"1","|"
"1","====="
"1","                                                                             "
"1","|"
"1","   6%   75 MB"
"1",""
"1","|"
"1","====="
"1","                                                                             "
"1","|"
"1","   6%   75 MB"
"1",""
"1","|"
"1","====="
"1","                                                                             "
"1","|"
"1","   6%   75 MB"
"1",""
"1","|"
"1","====="
"1","                                                                             "
"1","|"
"1","   6%   75 MB"
"1",""
"1","|"
"1","====="
"1","                                                                             "
"1","|"
"1","   6%   76 MB"
"1",""
"1","|"
"1","====="
"1","                                                                             "
"1","|"
"1","   6%   76 MB"
"1",""
"1","|"
"1","====="
"1","                                                                             "
"1","|"
"1","   6%   76 MB"
"1",""
"1","|"
"1","====="
"1","                                                                             "
"1","|"
"1","   6%   76 MB"
"1",""
"1","|"
"1","====="
"1","                                                                             "
"1","|"
"1","   6%   76 MB"
"1",""
"1","|"
"1","====="
"1","                                                                             "
"1","|"
"1","   6%   77 MB"
"1",""
"1","|"
"1","====="
"1","                                                                             "
"1","|"
"1","   6%   77 MB"
"1",""
"1","|"
"1","====="
"1","                                                                             "
"1","|"
"1","   6%   77 MB"
"1",""
"1","|"
"1","====="
"1","                                                                             "
"1","|"
"1","   6%   77 MB"
"1",""
"1","|"
"1","====="
"1","                                                                             "
"1","|"
"1","   6%   77 MB"
"1",""
"1","|"
"1","====="
"1","                                                                             "
"1","|"
"1","   6%   78 MB"
"1",""
"1","|"
"1","====="
"1","                                                                             "
"1","|"
"1","   6%   78 MB"
"1",""
"1","|"
"1","====="
"1","                                                                             "
"1","|"
"1","   6%   78 MB"
"1",""
"1","|"
"1","====="
"1","                                                                             "
"1","|"
"1","   6%   78 MB"
"1",""
"1","|"
"1","====="
"1","                                                                             "
"1","|"
"1","   6%   79 MB"
"1",""
"1","|"
"1","====="
"1","                                                                             "
"1","|"
"1","   6%   79 MB"
"1",""
"1","|"
"1","====="
"1","                                                                             "
"1","|"
"1","   6%   79 MB"
"1",""
"1","|"
"1","====="
"1","                                                                             "
"1","|"
"1","   6%   79 MB"
"1",""
"1","|"
"1","====="
"1","                                                                             "
"1","|"
"1","   7%   79 MB"
"1",""
"1","|"
"1","====="
"1","                                                                             "
"1","|"
"1","   7%   80 MB"
"1",""
"1","|"
"1","====="
"1","                                                                             "
"1","|"
"1","   7%   80 MB"
"1",""
"1","|"
"1","====="
"1","                                                                             "
"1","|"
"1","   7%   80 MB"
"1",""
"1","|"
"1","====="
"1","                                                                             "
"1","|"
"1","   7%   80 MB"
"1",""
"1","|"
"1","====="
"1","                                                                             "
"1","|"
"1","   7%   80 MB"
"1",""
"1","|"
"1","====="
"1","                                                                             "
"1","|"
"1","   7%   81 MB"
"1",""
"1","|"
"1","====="
"1","                                                                             "
"1","|"
"1","   7%   81 MB"
"1",""
"1","|"
"1","====="
"1","                                                                             "
"1","|"
"1","   7%   81 MB"
"1",""
"1","|"
"1","====="
"1","                                                                             "
"1","|"
"1","   7%   81 MB"
"1",""
"1","|"
"1","====="
"1","                                                                             "
"1","|"
"1","   7%   82 MB"
"1",""
"1","|"
"1","====="
"1","                                                                             "
"1","|"
"1","   7%   82 MB"
"1",""
"1","|"
"1","======"
"1","                                                                            "
"1","|"
"1","   7%   82 MB"
"1",""
"1","|"
"1","======"
"1","                                                                            "
"1","|"
"1","   7%   82 MB"
"1",""
"1","|"
"1","======"
"1","                                                                            "
"1","|"
"1","   7%   82 MB"
"1",""
"1","|"
"1","======"
"1","                                                                            "
"1","|"
"1","   7%   83 MB"
"1",""
"1","|"
"1","======"
"1","                                                                            "
"1","|"
"1","   7%   83 MB"
"1",""
"1","|"
"1","======"
"1","                                                                            "
"1","|"
"1","   7%   83 MB"
"1",""
"1","|"
"1","======"
"1","                                                                            "
"1","|"
"1","   7%   83 MB"
"1",""
"1","|"
"1","======"
"1","                                                                            "
"1","|"
"1","   7%   83 MB"
"1",""
"1","|"
"1","======"
"1","                                                                            "
"1","|"
"1","   7%   84 MB"
"1",""
"1","|"
"1","======"
"1","                                                                            "
"1","|"
"1","   7%   84 MB"
"1",""
"1","|"
"1","======"
"1","                                                                            "
"1","|"
"1","   7%   84 MB"
"1",""
"1","|"
"1","======"
"1","                                                                            "
"1","|"
"1","   7%   84 MB"
"1",""
"1","|"
"1","======"
"1","                                                                            "
"1","|"
"1","   7%   84 MB"
"1",""
"1","|"
"1","======"
"1","                                                                            "
"1","|"
"1","   7%   85 MB"
"1",""
"1","|"
"1","======"
"1","                                                                            "
"1","|"
"1","   7%   85 MB"
"1",""
"1","|"
"1","======"
"1","                                                                            "
"1","|"
"1","   7%   85 MB"
"1",""
"1","|"
"1","======"
"1","                                                                            "
"1","|"
"1","   7%   85 MB"
"1",""
"1","|"
"1","======"
"1","                                                                            "
"1","|"
"1","   7%   86 MB"
"1",""
"1","|"
"1","======"
"1","                                                                            "
"1","|"
"1","   7%   86 MB"
"1",""
"1","|"
"1","======"
"1","                                                                            "
"1","|"
"1","   7%   86 MB"
"1",""
"1","|"
"1","======"
"1","                                                                            "
"1","|"
"1","   7%   86 MB"
"1",""
"1","|"
"1","======"
"1","                                                                            "
"1","|"
"1","   7%   86 MB"
"1",""
"1","|"
"1","======"
"1","                                                                            "
"1","|"
"1","   7%   87 MB"
"1",""
"1","|"
"1","======"
"1","                                                                            "
"1","|"
"1","   7%   87 MB"
"1",""
"1","|"
"1","======"
"1","                                                                            "
"1","|"
"1","   7%   87 MB"
"1",""
"1","|"
"1","======"
"1","                                                                            "
"1","|"
"1","   7%   87 MB"
"1",""
"1","|"
"1","======"
"1","                                                                            "
"1","|"
"1","   7%   87 MB"
"1",""
"1","|"
"1","======"
"1","                                                                            "
"1","|"
"1","   7%   88 MB"
"1",""
"1","|"
"1","======"
"1","                                                                            "
"1","|"
"1","   7%   88 MB"
"1",""
"1","|"
"1","======"
"1","                                                                            "
"1","|"
"1","   7%   88 MB"
"1",""
"1","|"
"1","======"
"1","                                                                            "
"1","|"
"1","   7%   88 MB"
"1",""
"1","|"
"1","======"
"1","                                                                            "
"1","|"
"1","   7%   88 MB"
"1",""
"1","|"
"1","======"
"1","                                                                            "
"1","|"
"1","   7%   89 MB"
"1",""
"1","|"
"1","======"
"1","                                                                            "
"1","|"
"1","   7%   89 MB"
"1",""
"1","|"
"1","======"
"1","                                                                            "
"1","|"
"1","   7%   89 MB"
"1",""
"1","|"
"1","======"
"1","                                                                            "
"1","|"
"1","   7%   89 MB"
"1",""
"1","|"
"1","======"
"1","                                                                            "
"1","|"
"1","   7%   90 MB"
"1",""
"1","|"
"1","======"
"1","                                                                            "
"1","|"
"1","   7%   90 MB"
"1",""
"1","|"
"1","======"
"1","                                                                            "
"1","|"
"1","   7%   90 MB"
"1",""
"1","|"
"1","======"
"1","                                                                            "
"1","|"
"1","   7%   90 MB"
"1",""
"1","|"
"1","======"
"1","                                                                            "
"1","|"
"1","   7%   90 MB"
"1",""
"1","|"
"1","======"
"1","                                                                            "
"1","|"
"1","   8%   91 MB"
"1",""
"1","|"
"1","======"
"1","                                                                            "
"1","|"
"1","   8%   91 MB"
"1",""
"1","|"
"1","======"
"1","                                                                            "
"1","|"
"1","   8%   91 MB"
"1",""
"1","|"
"1","======"
"1","                                                                            "
"1","|"
"1","   8%   91 MB"
"1",""
"1","|"
"1","======"
"1","                                                                            "
"1","|"
"1","   8%   91 MB"
"1",""
"1","|"
"1","======"
"1","                                                                            "
"1","|"
"1","   8%   92 MB"
"1",""
"1","|"
"1","======"
"1","                                                                            "
"1","|"
"1","   8%   92 MB"
"1",""
"1","|"
"1","======"
"1","                                                                            "
"1","|"
"1","   8%   92 MB"
"1",""
"1","|"
"1","======"
"1","                                                                            "
"1","|"
"1","   8%   92 MB"
"1",""
"1","|"
"1","======"
"1","                                                                            "
"1","|"
"1","   8%   93 MB"
"1",""
"1","|"
"1","======"
"1","                                                                            "
"1","|"
"1","   8%   93 MB"
"1",""
"1","|"
"1","======"
"1","                                                                            "
"1","|"
"1","   8%   93 MB"
"1",""
"1","|"
"1","======"
"1","                                                                            "
"1","|"
"1","   8%   93 MB"
"1",""
"1","|"
"1","======"
"1","                                                                            "
"1","|"
"1","   8%   93 MB"
"1",""
"1","|"
"1","======"
"1","                                                                            "
"1","|"
"1","   8%   94 MB"
"1",""
"1","|"
"1","======"
"1","                                                                            "
"1","|"
"1","   8%   94 MB"
"1",""
"1","|"
"1","======"
"1","                                                                            "
"1","|"
"1","   8%   94 MB"
"1",""
"1","|"
"1","======"
"1","                                                                            "
"1","|"
"1","   8%   94 MB"
"1",""
"1","|"
"1","======"
"1","                                                                            "
"1","|"
"1","   8%   94 MB"
"1",""
"1","|"
"1","======"
"1","                                                                            "
"1","|"
"1","   8%   95 MB"
"1",""
"1","|"
"1","======"
"1","                                                                            "
"1","|"
"1","   8%   95 MB"
"1",""
"1","|"
"1","======"
"1","                                                                            "
"1","|"
"1","   8%   95 MB"
"1",""
"1","|"
"1","======"
"1","                                                                            "
"1","|"
"1","   8%   95 MB"
"1",""
"1","|"
"1","======"
"1","                                                                            "
"1","|"
"1","   8%   95 MB"
"1",""
"1","|"
"1","======="
"1","                                                                           "
"1","|"
"1","   8%   96 MB"
"1",""
"1","|"
"1","======="
"1","                                                                           "
"1","|"
"1","   8%   96 MB"
"1",""
"1","|"
"1","======="
"1","                                                                           "
"1","|"
"1","   8%   96 MB"
"1",""
"1","|"
"1","======="
"1","                                                                           "
"1","|"
"1","   8%   96 MB"
"1",""
"1","|"
"1","======="
"1","                                                                           "
"1","|"
"1","   8%   97 MB"
"1",""
"1","|"
"1","======="
"1","                                                                           "
"1","|"
"1","   8%   97 MB"
"1",""
"1","|"
"1","======="
"1","                                                                           "
"1","|"
"1","   8%   97 MB"
"1",""
"1","|"
"1","======="
"1","                                                                           "
"1","|"
"1","   8%   97 MB"
"1",""
"1","|"
"1","======="
"1","                                                                           "
"1","|"
"1","   8%   97 MB"
"1",""
"1","|"
"1","======="
"1","                                                                           "
"1","|"
"1","   8%   98 MB"
"1",""
"1","|"
"1","======="
"1","                                                                           "
"1","|"
"1","   8%   98 MB"
"1",""
"1","|"
"1","======="
"1","                                                                           "
"1","|"
"1","   8%   98 MB"
"1",""
"1","|"
"1","======="
"1","                                                                           "
"1","|"
"1","   8%   98 MB"
"1",""
"1","|"
"1","======="
"1","                                                                           "
"1","|"
"1","   8%   98 MB"
"1",""
"1","|"
"1","======="
"1","                                                                           "
"1","|"
"1","   8%   99 MB"
"1",""
"1","|"
"1","======="
"1","                                                                           "
"1","|"
"1","   8%   99 MB"
"1",""
"1","|"
"1","======="
"1","                                                                           "
"1","|"
"1","   8%   99 MB"
"1",""
"1","|"
"1","======="
"1","                                                                           "
"1","|"
"1","   8%   99 MB"
"1",""
"1","|"
"1","======="
"1","                                                                           "
"1","|"
"1","   8%  100 MB"
"1",""
"1","|"
"1","======="
"1","                                                                           "
"1","|"
"1","   8%  100 MB"
"1",""
"1","|"
"1","======="
"1","                                                                           "
"1","|"
"1","   8%  100 MB"
"1",""
"1","|"
"1","======="
"1","                                                                           "
"1","|"
"1","   8%  100 MB"
"1",""
"1","|"
"1","======="
"1","                                                                           "
"1","|"
"1","   8%  100 MB"
"1",""
"1","|"
"1","======="
"1","                                                                           "
"1","|"
"1","   8%  101 MB"
"1",""
"1","|"
"1","======="
"1","                                                                           "
"1","|"
"1","   8%  101 MB"
"1",""
"1","|"
"1","======="
"1","                                                                           "
"1","|"
"1","   8%  101 MB"
"1",""
"1","|"
"1","======="
"1","                                                                           "
"1","|"
"1","   8%  101 MB"
"1",""
"1","|"
"1","======="
"1","                                                                           "
"1","|"
"1","   8%  101 MB"
"1",""
"1","|"
"1","======="
"1","                                                                           "
"1","|"
"1","   8%  102 MB"
"1",""
"1","|"
"1","======="
"1","                                                                           "
"1","|"
"1","   8%  102 MB"
"1",""
"1","|"
"1","======="
"1","                                                                           "
"1","|"
"1","   9%  102 MB"
"1",""
"1","|"
"1","======="
"1","                                                                           "
"1","|"
"1","   9%  102 MB"
"1",""
"1","|"
"1","======="
"1","                                                                           "
"1","|"
"1","   9%  102 MB"
"1",""
"1","|"
"1","======="
"1","                                                                           "
"1","|"
"1","   9%  103 MB"
"1",""
"1","|"
"1","======="
"1","                                                                           "
"1","|"
"1","   9%  103 MB"
"1",""
"1","|"
"1","======="
"1","                                                                           "
"1","|"
"1","   9%  103 MB"
"1",""
"1","|"
"1","======="
"1","                                                                           "
"1","|"
"1","   9%  103 MB"
"1",""
"1","|"
"1","======="
"1","                                                                           "
"1","|"
"1","   9%  104 MB"
"1",""
"1","|"
"1","======="
"1","                                                                           "
"1","|"
"1","   9%  104 MB"
"1",""
"1","|"
"1","======="
"1","                                                                           "
"1","|"
"1","   9%  104 MB"
"1",""
"1","|"
"1","======="
"1","                                                                           "
"1","|"
"1","   9%  104 MB"
"1",""
"1","|"
"1","======="
"1","                                                                           "
"1","|"
"1","   9%  104 MB"
"1",""
"1","|"
"1","======="
"1","                                                                           "
"1","|"
"1","   9%  105 MB"
"1",""
"1","|"
"1","======="
"1","                                                                           "
"1","|"
"1","   9%  105 MB"
"1",""
"1","|"
"1","======="
"1","                                                                           "
"1","|"
"1","   9%  105 MB"
"1",""
"1","|"
"1","======="
"1","                                                                           "
"1","|"
"1","   9%  105 MB"
"1",""
"1","|"
"1","======="
"1","                                                                           "
"1","|"
"1","   9%  105 MB"
"1",""
"1","|"
"1","======="
"1","                                                                           "
"1","|"
"1","   9%  106 MB"
"1",""
"1","|"
"1","======="
"1","                                                                           "
"1","|"
"1","   9%  106 MB"
"1",""
"1","|"
"1","======="
"1","                                                                           "
"1","|"
"1","   9%  106 MB"
"1",""
"1","|"
"1","======="
"1","                                                                           "
"1","|"
"1","   9%  106 MB"
"1",""
"1","|"
"1","======="
"1","                                                                           "
"1","|"
"1","   9%  107 MB"
"1",""
"1","|"
"1","======="
"1","                                                                           "
"1","|"
"1","   9%  107 MB"
"1",""
"1","|"
"1","======="
"1","                                                                           "
"1","|"
"1","   9%  107 MB"
"1",""
"1","|"
"1","======="
"1","                                                                           "
"1","|"
"1","   9%  107 MB"
"1",""
"1","|"
"1","======="
"1","                                                                           "
"1","|"
"1","   9%  107 MB"
"1",""
"1","|"
"1","======="
"1","                                                                           "
"1","|"
"1","   9%  108 MB"
"1",""
"1","|"
"1","======="
"1","                                                                           "
"1","|"
"1","   9%  108 MB"
"1",""
"1","|"
"1","======="
"1","                                                                           "
"1","|"
"1","   9%  108 MB"
"1",""
"1","|"
"1","======="
"1","                                                                           "
"1","|"
"1","   9%  108 MB"
"1",""
"1","|"
"1","======="
"1","                                                                           "
"1","|"
"1","   9%  108 MB"
"1",""
"1","|"
"1","======="
"1","                                                                           "
"1","|"
"1","   9%  109 MB"
"1",""
"1","|"
"1","======="
"1","                                                                           "
"1","|"
"1","   9%  109 MB"
"1",""
"1","|"
"1","======="
"1","                                                                           "
"1","|"
"1","   9%  109 MB"
"1",""
"1","|"
"1","========"
"1","                                                                          "
"1","|"
"1","   9%  109 MB"
"1",""
"1","|"
"1","========"
"1","                                                                          "
"1","|"
"1","   9%  109 MB"
"1",""
"1","|"
"1","========"
"1","                                                                          "
"1","|"
"1","   9%  110 MB"
"1",""
"1","|"
"1","========"
"1","                                                                          "
"1","|"
"1","   9%  110 MB"
"1",""
"1","|"
"1","========"
"1","                                                                          "
"1","|"
"1","   9%  110 MB"
"1",""
"1","|"
"1","========"
"1","                                                                          "
"1","|"
"1","   9%  110 MB"
"1",""
"1","|"
"1","========"
"1","                                                                          "
"1","|"
"1","   9%  111 MB"
"1",""
"1","|"
"1","========"
"1","                                                                          "
"1","|"
"1","   9%  111 MB"
"1",""
"1","|"
"1","========"
"1","                                                                          "
"1","|"
"1","   9%  111 MB"
"1",""
"1","|"
"1","========"
"1","                                                                          "
"1","|"
"1","   9%  111 MB"
"1",""
"1","|"
"1","========"
"1","                                                                          "
"1","|"
"1","   9%  111 MB"
"1",""
"1","|"
"1","========"
"1","                                                                          "
"1","|"
"1","   9%  112 MB"
"1",""
"1","|"
"1","========"
"1","                                                                          "
"1","|"
"1","   9%  112 MB"
"1",""
"1","|"
"1","========"
"1","                                                                          "
"1","|"
"1","   9%  112 MB"
"1",""
"1","|"
"1","========"
"1","                                                                          "
"1","|"
"1","   9%  112 MB"
"1",""
"1","|"
"1","========"
"1","                                                                          "
"1","|"
"1","   9%  112 MB"
"1",""
"1","|"
"1","========"
"1","                                                                          "
"1","|"
"1","   9%  113 MB"
"1",""
"1","|"
"1","========"
"1","                                                                          "
"1","|"
"1","   9%  113 MB"
"1",""
"1","|"
"1","========"
"1","                                                                          "
"1","|"
"1","   9%  113 MB"
"1",""
"1","|"
"1","========"
"1","                                                                          "
"1","|"
"1","   9%  113 MB"
"1",""
"1","|"
"1","========"
"1","                                                                          "
"1","|"
"1","  10%  113 MB"
"1",""
"1","|"
"1","========"
"1","                                                                          "
"1","|"
"1","  10%  114 MB"
"1",""
"1","|"
"1","========"
"1","                                                                          "
"1","|"
"1","  10%  114 MB"
"1",""
"1","|"
"1","========"
"1","                                                                          "
"1","|"
"1","  10%  114 MB"
"1",""
"1","|"
"1","========"
"1","                                                                          "
"1","|"
"1","  10%  114 MB"
"1",""
"1","|"
"1","========"
"1","                                                                          "
"1","|"
"1","  10%  115 MB"
"1",""
"1","|"
"1","========"
"1","                                                                          "
"1","|"
"1","  10%  115 MB"
"1",""
"1","|"
"1","========"
"1","                                                                          "
"1","|"
"1","  10%  115 MB"
"1",""
"1","|"
"1","========"
"1","                                                                          "
"1","|"
"1","  10%  115 MB"
"1",""
"1","|"
"1","========"
"1","                                                                          "
"1","|"
"1","  10%  115 MB"
"1",""
"1","|"
"1","========"
"1","                                                                          "
"1","|"
"1","  10%  116 MB"
"1",""
"1","|"
"1","========"
"1","                                                                          "
"1","|"
"1","  10%  116 MB"
"1",""
"1","|"
"1","========"
"1","                                                                          "
"1","|"
"1","  10%  116 MB"
"1",""
"1","|"
"1","========"
"1","                                                                          "
"1","|"
"1","  10%  116 MB"
"1",""
"1","|"
"1","========"
"1","                                                                          "
"1","|"
"1","  10%  116 MB"
"1",""
"1","|"
"1","========"
"1","                                                                          "
"1","|"
"1","  10%  117 MB"
"1",""
"1","|"
"1","========"
"1","                                                                          "
"1","|"
"1","  10%  117 MB"
"1",""
"1","|"
"1","========"
"1","                                                                          "
"1","|"
"1","  10%  117 MB"
"1",""
"1","|"
"1","========"
"1","                                                                          "
"1","|"
"1","  10%  117 MB"
"1",""
"1","|"
"1","========"
"1","                                                                          "
"1","|"
"1","  10%  118 MB"
"1",""
"1","|"
"1","========"
"1","                                                                          "
"1","|"
"1","  10%  118 MB"
"1",""
"1","|"
"1","========"
"1","                                                                          "
"1","|"
"1","  10%  118 MB"
"1",""
"1","|"
"1","========"
"1","                                                                          "
"1","|"
"1","  10%  118 MB"
"1",""
"1","|"
"1","========"
"1","                                                                          "
"1","|"
"1","  10%  118 MB"
"1",""
"1","|"
"1","========"
"1","                                                                          "
"1","|"
"1","  10%  119 MB"
"1",""
"1","|"
"1","========"
"1","                                                                          "
"1","|"
"1","  10%  119 MB"
"1",""
"1","|"
"1","========"
"1","                                                                          "
"1","|"
"1","  10%  119 MB"
"1",""
"1","|"
"1","========"
"1","                                                                          "
"1","|"
"1","  10%  119 MB"
"1",""
"1","|"
"1","========"
"1","                                                                          "
"1","|"
"1","  10%  119 MB"
"1",""
"1","|"
"1","========"
"1","                                                                          "
"1","|"
"1","  10%  120 MB"
"1",""
"1","|"
"1","========"
"1","                                                                          "
"1","|"
"1","  10%  120 MB"
"1",""
"1","|"
"1","========"
"1","                                                                          "
"1","|"
"1","  10%  120 MB"
"1",""
"1","|"
"1","========"
"1","                                                                          "
"1","|"
"1","  10%  120 MB"
"1",""
"1","|"
"1","========"
"1","                                                                          "
"1","|"
"1","  10%  120 MB"
"1",""
"1","|"
"1","========"
"1","                                                                          "
"1","|"
"1","  10%  121 MB"
"1",""
"1","|"
"1","========"
"1","                                                                          "
"1","|"
"1","  10%  121 MB"
"1",""
"1","|"
"1","========"
"1","                                                                          "
"1","|"
"1","  10%  121 MB"
"1",""
"1","|"
"1","========"
"1","                                                                          "
"1","|"
"1","  10%  121 MB"
"1",""
"1","|"
"1","========"
"1","                                                                          "
"1","|"
"1","  10%  122 MB"
"1",""
"1","|"
"1","========"
"1","                                                                          "
"1","|"
"1","  10%  122 MB"
"1",""
"1","|"
"1","========"
"1","                                                                          "
"1","|"
"1","  10%  122 MB"
"1",""
"1","|"
"1","========"
"1","                                                                          "
"1","|"
"1","  10%  122 MB"
"1",""
"1","|"
"1","========"
"1","                                                                          "
"1","|"
"1","  10%  122 MB"
"1",""
"1","|"
"1","========"
"1","                                                                          "
"1","|"
"1","  10%  123 MB"
"1",""
"1","|"
"1","========"
"1","                                                                          "
"1","|"
"1","  10%  123 MB"
"1",""
"1","|"
"1","========="
"1","                                                                         "
"1","|"
"1","  10%  123 MB"
"1",""
"1","|"
"1","========="
"1","                                                                         "
"1","|"
"1","  10%  123 MB"
"1",""
"1","|"
"1","========="
"1","                                                                         "
"1","|"
"1","  10%  123 MB"
"1",""
"1","|"
"1","========="
"1","                                                                         "
"1","|"
"1","  10%  124 MB"
"1",""
"1","|"
"1","========="
"1","                                                                         "
"1","|"
"1","  10%  124 MB"
"1",""
"1","|"
"1","========="
"1","                                                                         "
"1","|"
"1","  10%  124 MB"
"1",""
"1","|"
"1","========="
"1","                                                                         "
"1","|"
"1","  10%  124 MB"
"1",""
"1","|"
"1","========="
"1","                                                                         "
"1","|"
"1","  10%  125 MB"
"1",""
"1","|"
"1","========="
"1","                                                                         "
"1","|"
"1","  11%  125 MB"
"1",""
"1","|"
"1","========="
"1","                                                                         "
"1","|"
"1","  11%  125 MB"
"1",""
"1","|"
"1","========="
"1","                                                                         "
"1","|"
"1","  11%  125 MB"
"1",""
"1","|"
"1","========="
"1","                                                                         "
"1","|"
"1","  11%  125 MB"
"1",""
"1","|"
"1","========="
"1","                                                                         "
"1","|"
"1","  11%  126 MB"
"1",""
"1","|"
"1","========="
"1","                                                                         "
"1","|"
"1","  11%  126 MB"
"1",""
"1","|"
"1","========="
"1","                                                                         "
"1","|"
"1","  11%  126 MB"
"1",""
"1","|"
"1","========="
"1","                                                                         "
"1","|"
"1","  11%  126 MB"
"1",""
"1","|"
"1","========="
"1","                                                                         "
"1","|"
"1","  11%  126 MB"
"1",""
"1","|"
"1","========="
"1","                                                                         "
"1","|"
"1","  11%  127 MB"
"1",""
"1","|"
"1","========="
"1","                                                                         "
"1","|"
"1","  11%  127 MB"
"1",""
"1","|"
"1","========="
"1","                                                                         "
"1","|"
"1","  11%  127 MB"
"1",""
"1","|"
"1","========="
"1","                                                                         "
"1","|"
"1","  11%  127 MB"
"1",""
"1","|"
"1","========="
"1","                                                                         "
"1","|"
"1","  11%  127 MB"
"1",""
"1","|"
"1","========="
"1","                                                                         "
"1","|"
"1","  11%  128 MB"
"1",""
"1","|"
"1","========="
"1","                                                                         "
"1","|"
"1","  11%  128 MB"
"1",""
"1","|"
"1","========="
"1","                                                                         "
"1","|"
"1","  11%  128 MB"
"1",""
"1","|"
"1","========="
"1","                                                                         "
"1","|"
"1","  11%  128 MB"
"1",""
"1","|"
"1","========="
"1","                                                                         "
"1","|"
"1","  11%  129 MB"
"1",""
"1","|"
"1","========="
"1","                                                                         "
"1","|"
"1","  11%  129 MB"
"1",""
"1","|"
"1","========="
"1","                                                                         "
"1","|"
"1","  11%  129 MB"
"1",""
"1","|"
"1","========="
"1","                                                                         "
"1","|"
"1","  11%  129 MB"
"1",""
"1","|"
"1","========="
"1","                                                                         "
"1","|"
"1","  11%  129 MB"
"1",""
"1","|"
"1","========="
"1","                                                                         "
"1","|"
"1","  11%  130 MB"
"1",""
"1","|"
"1","========="
"1","                                                                         "
"1","|"
"1","  11%  130 MB"
"1",""
"1","|"
"1","========="
"1","                                                                         "
"1","|"
"1","  11%  130 MB"
"1",""
"1","|"
"1","==================================================================================="
"1","|"
"1"," 100% 1138 MB"
"1","
"
"2","number of columns of result is not a multiple of vector length (arg 1)"
"2","1473 parsing failures.
row [38;5;246m# A tibble: 5 x 5[39m col     row col         expected           actual file                  expected   [3m[38;5;246m<int>[39m[23m [3m[38;5;246m<chr>[39m[23m       [3m[38;5;246m<chr>[39m[23m              [3m[38;5;246m<chr>[39m[23m  [3m[38;5;246m<chr>[39m[23m                 actual [38;5;250m1[39m [4m9[24m[4m6[24m324 AUDITEENAME delimiter or quote [38;5;246m""[39m [38;5;246m""[39m    'general/general.txt' file [38;5;250m2[39m [4m9[24m[4m6[24m324 AUDITEENAME delimiter or quote B      'general/general.txt' row [38;5;250m3[39m [4m9[24m[4m6[24m324 AUDITEENAME delimiter or quote [38;5;246m""[39m [38;5;246m""[39m    'general/general.txt' col [38;5;250m4[39m [4m9[24m[4m6[24m324 AUDITEENAME delimiter or quote S      'general/general.txt' expected [38;5;250m5[39m [4m9[24m[4m6[24m324 AUDITEENAME delimiter or quote D      'general/general.txt'
... ................................. ... ................................................................... ........ ................................................................................................................................................................................................ ...... ..................................................................................................................................... .... ..................................................................................................... ... ..................................................................................................................................... ... ..................................................................................................... ........ .....................................................................................................
See problems(...) for more details.
"
